id,name,ticker,history_ticker,splice_date,exchange,country,currency,subsector,segment,note
URW,Unibail-Rodamco-Westfield SE (Stapled),URW.PA,,,Euronext Paris,FR,EUR,Retail,Flagship shopping centres (EU & US),
LI,Klepierre SA,LI.PA,,,Euronext Paris,FR,EUR,Retail,Shopping centres (Continental Europe),
CARM,Carmila SA,CARM.PA,,,Euronext Paris,FR,EUR,Retail,Hypermarket-anchored shopping centres,
HMSO,Hammerson plc,HMSO.L,,,London Stock Exchange,GB,GBP,Retail,City-centre retail destinations (UK & IE),
ECMPA,Eurocommercial Properties NV,ECMPA.AS,,,Euronext Amsterdam,NL,EUR,Retail,Grocery-anchored shopping centres,
WHA,Wereldhave N.V.,WHA.AS,,,Euronext Amsterdam,NL,EUR,Retail,Full-service centres (NL & BE),
RET,Retail Estates SA,RET.BR,,,Euronext Brussels,BE,EUR,Retail,Out-of-town retail parks (BE & NL),
MERY,Mercialys SA,MERY.PA,,,Euronext Paris,FR,EUR,Retail,Shopping centres (France),
CIBUS,Cibus Real Estate AB (publ),CIBUS.ST,,,Nasdaq Stockholm,SE,SEK,Retail,Grocery-anchored retail (Nordics & Europe),
VASTB,Vastned,VASTB.BR,VASTN.AS,2025-01-02,Euronext Brussels,BE,EUR,Retail,High-street retail (city centres),History before 2 Jan 2025 uses Vastned Retail (VASTN.AS); the two merged into Vastned (VASTB) on 1 Jan 2025.
DLN,Derwent London plc,DLN.L,,,London Stock Exchange,GB,GBP,Office,Central London offices,
GFC,Gecina SA,GFC.PA,,,Euronext Paris,FR,EUR,Office,Paris offices & residential,
PSPN,PSP Swiss Property AG,PSPN.SW,,,SIX Swiss Exchange,CH,CHF,Office,Swiss offices,
GPE,Great Portland Estates plc,GPE.L,,,London Stock Exchange,GB,GBP,Office,London West End offices,
HUFV,Hufvudstaden AB Class A,HUFV-A.ST,,,Nasdaq Stockholm,SE,SEK,Office,Stockholm & Gothenburg CBD offices and retail,
CAST,Castellum AB,CAST.ST,,,Nasdaq Stockholm,SE,SEK,Office,Nordic commercial property,
FABG,Fabege AB,FABG.ST,,,Nasdaq Stockholm,SE,SEK,Office,Stockholm offices,
COL,Colonial SFL SOCIMI SA,COL.MC,,,Bolsa de Madrid,ES,EUR,Office,"Prime offices (Paris, Madrid, Barcelona)",
ENTRA,Entra ASA,ENTRA.OL,,,Oslo Bors,NO,NOK,Office,Norwegian offices,
CAI,CA Immobilien Anlagen AG,CAI.VI,,,Wiener Borse,AT,EUR,Office,"Offices (Germany, Austria, CEE)",
WKP,Workspace Group PLC,WKP.L,,,London Stock Exchange,GB,GBP,Office,London flexible workspace,
WIHL,Wihlborgs Fastigheter AB,WIHL.ST,,,Nasdaq Stockholm,SE,SEK,Office,Oresund region commercial property,
NSI,NSI NV,NSI.AS,,,Euronext Amsterdam,NL,EUR,Office,Dutch offices,
ATRLJ,Atrium Ljungberg AB Class B,ATRLJ-B.ST,,,Nasdaq Stockholm,SE,SEK,Office,Stockholm mixed-use city districts,
DIOS,Dios Fastigheter AB,DIOS.ST,,,Nasdaq Stockholm,SE,SEK,Office,Northern Sweden commercial property,
SGRO,SEGRO plc,SGRO.L,,,London Stock Exchange,GB,GBP,Logistics,UK & Continental European logistics,
WDP,Warehouses De Pauw SA,WDP.BR,,,Euronext Brussels,BE,EUR,Logistics,Benelux & Romania logistics,
MONT,MONTEA NV,MONT.BR,,,Euronext Brussels,BE,EUR,Logistics,"Logistics (BE, NL, FR, DE)",
VGP,VGP NV,VGP.BR,,,Euronext Brussels,BE,EUR,Logistics,European logistics development,
LMP,LondonMetric Property Plc,LMP.L,,,London Stock Exchange,GB,GBP,Logistics,UK logistics & long-income,
ARG,Argan,ARG.PA,,,Euronext Paris,FR,EUR,Logistics,French logistics,
BBOX,Tritax Big Box REIT PLC,BBOX.L,,,London Stock Exchange,GB,GBP,Logistics,UK big-box logistics,
CATE,Catena AB,CATE.ST,,,Nasdaq Stockholm,SE,SEK,Logistics,Nordic logistics,
CTPNV,CTP N.V.,CTPNV.AS,,,Euronext Amsterdam,NL,EUR,Logistics,CEE industrial & logistics parks,
SAGA,AB Sagax Class B,SAGA-B.ST,,,Nasdaq Stockholm,SE,SEK,Logistics,European warehouse & light industrial,"The coverage list names Sagax Real Estate Socimi SA, AB Sagax's Spanish subsidiary with a technical listing (MLSAG.PA, Euronext Access) and almost no free float. The dashboard uses the listed parent, AB Sagax B."
SLP,Swedish Logistic Property AB Class B,SLP-B.ST,,,Nasdaq Stockholm,SE,SEK,Logistics,Swedish logistics,
SHUR,Shurgard Self Storage Limited,SHUR.BR,,,Euronext Brussels,BE,EUR,Self Storage,European self storage,
BYG,Big Yellow Group PLC,BYG.L,,,London Stock Exchange,GB,GBP,Self Storage,UK self storage,
SAFE,Safestore Holdings plc,SAFE.L,,,London Stock Exchange,GB,GBP,Self Storage,UK & European self storage,
VNA,Vonovia SE,VNA.DE,,,Xetra,DE,EUR,Residential & Alternatives,German residential,
LEG,LEG Immobilien SE,LEG.DE,,,Xetra,DE,EUR,Residential & Alternatives,German residential (NRW),
TEG,TAG Immobilien AG,TEG.DE,,,Xetra,DE,EUR,Residential & Alternatives,German & Polish residential,
LUMO,Lumo Homes Plc,LUMO.HE,KOJAMO.HE,2026-03-16,Nasdaq Helsinki,FI,EUR,Residential & Alternatives,Finnish residential,Formerly Kojamo plc; ticker changed from KOJAMO to LUMO on 16 Mar 2026.
AED,Aedifica SA,AED.BR,,,Euronext Brussels,BE,EUR,Residential & Alternatives,European healthcare real estate,
CPINV,Care Property Invest SA,CPINV.BR,,,Euronext Brussels,BE,EUR,Residential & Alternatives,Healthcare real estate (BE & NL & ES),
UTG,UNITE Group plc,UTG.L,,,London Stock Exchange,GB,GBP,Residential & Alternatives,UK student accommodation,
XIOR,Xior Student Housing N.V.,XIOR.BR,,,Euronext Brussels,BE,EUR,Residential & Alternatives,European student housing,
PHP,Primary Health Properties PLC,PHP.L,,,London Stock Exchange,GB,GBP,Residential & Alternatives,UK & Irish primary-care real estate,
LAND,Land Securities Group PLC,LAND.L,,,London Stock Exchange,GB,GBP,Diversified,"UK diversified (London offices, retail)",
BLND,British Land Company PLC,BLND.L,,,London Stock Exchange,GB,GBP,Diversified,"UK campuses, retail parks & urban logistics",
COV,Covivio SA,COV.PA,,,Euronext Paris,FR,EUR,Diversified,"Offices, residential & hotels (FR, DE, IT)",
SPSN,Swiss Prime Site AG,SPSN.SW,,,SIX Swiss Exchange,CH,CHF,Diversified,Swiss diversified & asset management,
ICAD,Icade SA,ICAD.PA,,,Euronext Paris,FR,EUR,Diversified,French offices & property development,
MRL,"MERLIN Properties SOCIMI, S.A.",MRL.MC,,,Bolsa de Madrid,ES,EUR,Diversified,"Spanish & Portuguese offices, logistics, retail",
BALD,Fastighets AB Balder Class B,BALD-B.ST,,,Nasdaq Stockholm,SE,SEK,Diversified,Nordic residential & commercial,
